seed,case,group,method,steps,nfe,n_samples,ode_rmse,swd2
42,midpoint_k0012,equal_nfe,midpoint,12,24,1024,0.0018033163422975834,0.06533753535625442
42,midpoint_k0024,equal_nfe,midpoint,24,48,1024,0.0004351664825973009,0.06561309570497594
42,heun3_k0004,equal_nfe,heun3,4,12,1024,0.003804694665981069,0.06682911959798853
42,euler_k0024,equal_nfe,euler,24,24,1024,0.030763438659685727,0.08310549106398779
42,euler_k0001,diagnostic,euler,1,1,1024,0.7132031513083926,0.6662577900181665
42,heun3_k0032,equal_nfe,heun3,32,96,1024,4.389211661395658e-06,0.06569466091195977
42,midpoint_k0048,equal_nfe,midpoint,48,96,1024,0.0001073849317690567,0.0656745365002063
42,euler_k0048,equal_nfe,euler,48,48,1024,0.01540565293840817,0.07356908817627081
42,heun3_k0008,equal_nfe,heun3,8,24,1024,0.0003368802580803842,0.06578786788914097
42,midpoint_k0003,equal_nfe,midpoint,3,6,1024,0.038566490053093753,0.061001255525092245
42,heun3_k0002,equal_nfe,heun3,2,6,1024,0.0250944491738045,0.07184334250976158
42,euler_k0096,equal_nfe,euler,96,96,1024,0.00770430141532997,0.0693878438031143
42,euler_k0100,diagnostic,euler,100,100,1024,0.007396106688306102,0.06923020352439756
42,midpoint_k0006,equal_nfe,midpoint,6,12,1024,0.00796739732905228,0.06404542911472563
42,heun3_k0016,equal_nfe,heun3,16,48,1024,3.698550156941539e-05,0.0657031048586938
42,euler_k0006,equal_nfe,euler,6,6,1024,0.12073342769283067,0.15714205712963863
42,euler_k0012,equal_nfe,euler,12,12,1024,0.06115291717276361,0.10543082622219489
43,midpoint_k0024,equal_nfe,midpoint,24,48,1024,0.00042974611873811976,0.06314705324096143
43,euler_k0001,diagnostic,euler,1,1,1024,0.7333793169433632,0.6496044914169241
43,midpoint_k0048,equal_nfe,midpoint,48,96,1024,0.00010581120517965245,0.06318400871909975
43,euler_k0012,equal_nfe,euler,12,12,1024,0.05977552578848814,0.06220144040874237
43,euler_k0024,equal_nfe,euler,24,24,1024,0.02977847173292361,0.05674519357479254
43,euler_k0006,equal_nfe,euler,6,6,1024,0.1205575115422472,0.10173201288665476
43,midpoint_k0006,equal_nfe,midpoint,6,12,1024,0.007973355716589935,0.06285141527348688
43,heun3_k0008,equal_nfe,heun3,8,24,1024,0.00034567994151676234,0.0631501464287926
43,heun3_k0032,equal_nfe,heun3,32,96,1024,4.4991452088823215e-06,0.06319641627395951
43,euler_k0100,diagnostic,euler,100,100,1024,0.007142186588606497,0.060741264278388246
43,heun3_k0004,equal_nfe,heun3,4,12,1024,0.003854535354616723,0.06286163683200842
43,midpoint_k0012,equal_nfe,midpoint,12,24,1024,0.0017886350035331323,0.06302095909023472
43,heun3_k0002,equal_nfe,heun3,2,6,1024,0.024765761054994652,0.05973521764933978
43,euler_k0096,equal_nfe,euler,96,96,1024,0.007439716133671675,0.060649665026848966
43,heun3_k0016,equal_nfe,heun3,16,48,1024,3.788970108555736e-05,0.06319157947550395
43,euler_k0048,equal_nfe,euler,48,48,1024,0.014878707513799388,0.05867146705005144
43,midpoint_k0003,equal_nfe,midpoint,3,6,1024,0.039189931328052784,0.07041925116477414
44,euler_k0100,diagnostic,euler,100,100,1024,0.007285736343110396,0.06990995158755967
44,heun3_k0004,equal_nfe,heun3,4,12,1024,0.0037012335471923907,0.06876201467690056
44,euler_k0048,equal_nfe,euler,48,48,1024,0.015175131710089388,0.07221144805282313
44,heun3_k0032,equal_nfe,heun3,32,96,1024,4.4038045901176995e-06,0.06833921928151246
44,heun3_k0016,equal_nfe,heun3,16,48,1024,3.681492293804834e-05,0.06834102604209463
44,heun3_k0008,equal_nfe,heun3,8,24,1024,0.0003317477533257748,0.06836592996557253
44,midpoint_k0012,equal_nfe,midpoint,12,24,1024,0.0017811028792779355,0.06813656712077272
44,midpoint_k0024,equal_nfe,midpoint,24,48,1024,0.0004307068387183467,0.0682898789455674
44,midpoint_k0003,equal_nfe,midpoint,3,6,1024,0.03818223608908338,0.06914353934141913
44,euler_k0096,equal_nfe,euler,96,96,1024,0.007589216539804908,0.0699871715084037
44,euler_k0006,equal_nfe,euler,6,6,1024,0.12194112136456534,0.14217203693773547
44,midpoint_k0006,equal_nfe,midpoint,6,12,1024,0.007840334453546184,0.06755343124540288
44,euler_k0001,diagnostic,euler,1,1,1024,0.712173197149804,0.6361599620466308
44,euler_k0024,equal_nfe,euler,24,24,1024,0.03035600708030346,0.07824374253265823
44,heun3_k0002,equal_nfe,heun3,2,6,1024,0.024702601790133193,0.0704055050546684
44,euler_k0012,equal_nfe,euler,12,12,1024,0.06083177656819371,0.09538588978149193
44,midpoint_k0048,equal_nfe,midpoint,48,96,1024,0.00010637747287669643,0.06832700730168606
