case,group,method,steps,nfe,n_seeds,n_samples,ode_rmse_mean,ode_rmse_std,swd2_mean,swd2_std,batch_ms_median,batch_ms_p25,batch_ms_p75
euler_k0006,equal_nfe,euler,6,6,3,1024,0.1210773535332144,0.0007531983622303944,0.13368203565134296,0.028664060112527107,3.878600000462029,3.6030499995831633,4.236949998812634
midpoint_k0003,equal_nfe,midpoint,3,6,3,1024,0.0386462191567433,0.0005085567531131321,0.0668546820104285,0.005109188915913068,3.406399999221321,3.069649999815738,3.503649999402114
heun3_k0002,equal_nfe,heun3,2,6,3,1024,0.024854270672977446,0.00021038430877588654,0.06732802173792325,0.006614744861483676,3.058400001464179,2.930700000433717,3.1531999993603677
euler_k0012,equal_nfe,euler,12,12,3,1024,0.06058673984314849,0.0007206483218843582,0.08767271880414307,0.022623322133286376,6.718299999192823,6.549749999976484,7.239399999889429
midpoint_k0006,equal_nfe,midpoint,6,12,3,1024,0.007927029166396133,7.513890818087196e-05,0.06481675854453846,0.002444064313190187,5.663899999490241,5.430400000477675,6.010400000377558
heun3_k0004,equal_nfe,heun3,4,12,3,1024,0.003786821189263394,7.819818998784238e-05,0.06615092370229918,0.0030080852602313193,5.606800001260126,5.298149999362067,5.770750000010594
euler_k0024,equal_nfe,euler,24,24,3,1024,0.030299305824304266,0.0004949254853285654,0.07269814239047952,0.014027885857548805,13.419000002613757,12.839549999625888,13.944100001026527
midpoint_k0012,equal_nfe,midpoint,12,24,3,1024,0.0017910180750362172,1.1296847222695677e-05,0.06549835385575396,0.0025615929268449685,10.218899999017594,9.828199999901699,11.214500000278349
heun3_k0008,equal_nfe,heun3,8,24,3,1024,0.00033810265097430713,7.046073391443506e-06,0.06576798142783537,0.0026079486342992985,10.623699999996461,10.345249998863437,10.934599999018246
euler_k0048,equal_nfe,euler,48,48,3,1024,0.01515316405409898,0.0002641586711832811,0.06815066775971512,0.008237246581641535,25.830800001131138,25.2422999983537,28.192299998409
midpoint_k0024,equal_nfe,midpoint,24,48,3,1024,0.0004318731466845891,2.8922814170771178e-06,0.06568334263050159,0.0025721323896522783,21.60139999978128,19.865799999024603,23.24889999908919
heun3_k0016,equal_nfe,heun3,16,48,3,1024,3.7230041864340364e-05,5.776131780631634e-07,0.06574523679209747,0.002574981807780859,20.2437000007194,19.735150000997237,21.36795000114944
euler_k0096,equal_nfe,euler,96,96,3,1024,0.007577744696268852,0.00013266516201752694,0.06667489344612232,0.005226598468688439,51.73559999821009,49.94194999926549,57.76470000091649
midpoint_k0048,equal_nfe,midpoint,48,96,3,1024,0.00010652453660846853,7.971039144625589e-07,0.06572851750699737,0.002571924195411254,41.72100000141654,39.832249998653424,44.9159999989206
heun3_k0032,equal_nfe,heun3,32,96,3,1024,4.4307204867985596e-06,5.970506960344069e-08,0.06574343215581059,0.002571748368191175,41.313700003229314,39.9161000004824,45.800650001183385
euler_k0001,diagnostic,euler,1,1,3,1024,0.71958522180052,0.011957131637627728,0.6506740811605738,0.015077394629571444,1.0127999994438142,0.9802500007936032,1.100299998142873
euler_k0100,diagnostic,euler,100,100,3,1024,0.007274676540007664,0.000127320829762328,0.06662713979678182,0.005108636052887482,54.306300000462215,51.66935000124795,58.07790000108071
