seed,condition_test,n_samples,nfe,endpoint_error_mean,endpoint_error_median,endpoint_error_p90
101,correct_goal,512,64,0.03740963339805603,0.034403424710035324,0.06398513913154602
101,permuted_vs_requested,512,64,0.8293956518173218,0.7753564119338989,1.4236528873443604
101,permuted_vs_supplied,512,64,0.03738062083721161,0.03393566235899925,0.06596145033836365
102,correct_goal,512,64,0.03704856336116791,0.03391731530427933,0.06456859409809113
102,permuted_vs_requested,512,64,0.803816556930542,0.7358306646347046,1.4115606546401978
102,permuted_vs_supplied,512,64,0.03651326894760132,0.033565811812877655,0.06341778486967087
103,correct_goal,512,64,0.03466518223285675,0.03195946663618088,0.06006865203380585
103,permuted_vs_requested,512,64,0.7870606184005737,0.7344565987586975,1.4020699262619019
103,permuted_vs_supplied,512,64,0.03477878123521805,0.032201819121837616,0.05995483323931694
