method,seed,nfe,swd2,rmse_to_own_rk4_reference,rk4_reference_gap_rmse,median_path_length_over_displacement,path_ratio_valid_samples,sampling_batch_ms_median,batch_size_eval,training_seconds
CFM,0,1,0.5964513201474521,0.7552622556686401,1.8865398487832863e-07,1.764444351196289,1024,0.9250000002793968,1024,9.042966900000465
CFM,0,2,0.3860088942860978,0.3597915470600128,1.8865398487832863e-07,1.764444351196289,1024,1.7496000000392087,1024,9.042966900000465
CFM,0,4,0.21133588371928128,0.1763102263212204,1.8865398487832863e-07,1.764444351196289,1024,7.049499999993714,1024,9.042966900000465
CFM,0,8,0.13519232033136108,0.08706145733594894,1.8865398487832863e-07,1.764444351196289,1024,12.014200000521669,1024,9.042966900000465
CFM,0,16,0.10720827516565282,0.04331780970096588,1.8865398487832863e-07,1.764444351196289,1024,12.238600000273436,1024,9.042966900000465
CFM,0,32,0.09805030269660903,0.021613866090774536,1.8865398487832863e-07,1.764444351196289,1024,22.576399999707064,1024,9.042966900000465
OT-CFM,0,1,0.08271166304741982,0.09313703328371048,2.0138392642365943e-07,1.0031296014785767,1024,0.4126999992877245,1024,10.80455510000047
OT-CFM,0,2,0.06120075448613796,0.04622454196214676,2.0138392642365943e-07,1.0031296014785767,1024,0.6645000003118184,1024,10.80455510000047
OT-CFM,0,4,0.060366983631035764,0.021518303081393242,2.0138392642365943e-07,1.0031296014785767,1024,1.6127000008054893,1024,10.80455510000047
OT-CFM,0,8,0.06221066387848091,0.009897028096020222,2.0138392642365943e-07,1.0031296014785767,1024,2.0617000000129337,1024,10.80455510000047
OT-CFM,0,16,0.06335253575975755,0.004815800581127405,2.0138392642365943e-07,1.0031296014785767,1024,4.71430000015971,1024,10.80455510000047
OT-CFM,0,32,0.06397134551540828,0.0023822931107133627,2.0138392642365943e-07,1.0031296014785767,1024,7.887099999607017,1024,10.80455510000047
CFM,1,1,0.5990722297807379,0.8244161009788513,1.9150937191625417e-07,1.6877167224884033,1024,0.4343999999036896,1024,4.374382200000582
CFM,1,2,0.3690931415365709,0.3885074555873871,1.9150937191625417e-07,1.6877167224884033,1024,0.7126000000425847,1024,4.374382200000582
CFM,1,4,0.17553091807822124,0.18694885075092316,1.9150937191625417e-07,1.6877167224884033,1024,1.318399999945541,1024,4.374382200000582
CFM,1,8,0.1023269788089113,0.09205853193998337,1.9150937191625417e-07,1.6877167224884033,1024,2.252000000225962,1024,4.374382200000582
CFM,1,16,0.08784769768692503,0.04577072709798813,1.9150937191625417e-07,1.6877167224884033,1024,4.506499999479274,1024,4.374382200000582
CFM,1,32,0.08971600014892055,0.02283312752842903,1.9150937191625417e-07,1.6877167224884033,1024,11.785899999267713,1024,4.374382200000582
OT-CFM,1,1,0.07364440402650423,0.08338654786348343,2.0410938361692388e-07,1.003082275390625,1024,1.0639000001901877,1024,12.147393500000362
OT-CFM,1,2,0.06512942126555787,0.04809108003973961,2.0410938361692388e-07,1.003082275390625,1024,1.6980999998850166,1024,12.147393500000362
OT-CFM,1,4,0.06680123930134971,0.02257346734404564,2.0410938361692388e-07,1.003082275390625,1024,2.703000000110478,1024,12.147393500000362
OT-CFM,1,8,0.06937901199470949,0.010296511463820934,2.0410938361692388e-07,1.003082275390625,1024,6.038300000000163,1024,12.147393500000362
OT-CFM,1,16,0.07095588422020742,0.004996107425540686,2.0410938361692388e-07,1.003082275390625,1024,11.326300000291667,1024,12.147393500000362
OT-CFM,1,32,0.07180123044489439,0.002468409715220332,2.0410938361692388e-07,1.003082275390625,1024,21.499600000424834,1024,12.147393500000362
CFM,2,1,0.6121500985016005,0.8187143802642822,1.9896589265044895e-07,1.6122727394104004,1024,0.9167000007437309,1024,8.78314330000012
CFM,2,2,0.3663911403803121,0.38272884488105774,1.9896589265044895e-07,1.6122727394104004,1024,1.6191999993679929,1024,8.78314330000012
CFM,2,4,0.17304486618058001,0.18378187716007233,1.9896589265044895e-07,1.6122727394104004,1024,3.5010999999940395,1024,8.78314330000012
CFM,2,8,0.09872245097170891,0.0906968042254448,1.9896589265044895e-07,1.6122727394104004,1024,5.684800000381074,1024,8.78314330000012
CFM,2,16,0.08283599743904843,0.045103248208761215,1.9896589265044895e-07,1.6122727394104004,1024,12.930500000038592,1024,8.78314330000012
CFM,2,32,0.08428775278652376,0.022501621395349503,1.9896589265044895e-07,1.6122727394104004,1024,22.706799999468785,1024,8.78314330000012
OT-CFM,2,1,0.07609957910507717,0.09555128961801529,1.8279928326592199e-07,1.0041203498840332,1024,1.2225999998918269,1024,17.347467899999174
OT-CFM,2,2,0.05787354001069157,0.04430866613984108,1.8279928326592199e-07,1.0041203498840332,1024,2.5856000002022483,1024,17.347467899999174
OT-CFM,2,4,0.05816355972879394,0.022384649142622948,1.8279928326592199e-07,1.0041203498840332,1024,3.0578999994759215,1024,17.347467899999174
OT-CFM,2,8,0.060442535445342865,0.010191681794822216,1.8279928326592199e-07,1.0041203498840332,1024,6.663400000434194,1024,17.347467899999174
OT-CFM,2,16,0.06181056052911523,0.004902965389192104,1.8279928326592199e-07,1.0041203498840332,1024,16.364699999940058,1024,17.347467899999174
OT-CFM,2,32,0.06253326678982331,0.0024104886688292027,1.8279928326592199e-07,1.0041203498840332,1024,24.425399999927322,1024,17.347467899999174
