method,nfe,seeds,swd2_mean,swd2_std,rmse_to_own_rk4_reference_mean,rmse_to_own_rk4_reference_std,sampling_batch_ms_median_mean,sampling_batch_ms_median_std,training_seconds_mean,training_seconds_std
CFM,1,3,0.6025578828099302,0.00840983015483118,0.7994642456372579,0.03838605661781469,0.7587000003089391,0.2808826982838328,7.400164133333722,2.623622363611656
CFM,2,3,0.373831058734327,0.010632495549333027,0.3770092825094859,0.0151883473732285,1.360466666483262,0.5648446274485402,7.400164133333722,2.623622363611656
CFM,4,3,0.18663722265936086,0.021425755695518977,0.18234698474407196,0.0054625332606025034,3.956333333311098,2.8925429717569036,7.400164133333722,2.623622363611656
CFM,8,3,0.11208058337066042,0.02009632912344327,0.0899389311671257,0.0025833055043811403,6.650333333709568,4.952204375302951,7.400164133333722,2.623622363611656
CFM,16,3,0.09263065676387543,0.012870878118625811,0.04473059500257174,0.001268208874048778,9.891866666597101,4.676677453801639,7.400164133333722,2.623622363611656
CFM,32,3,0.09068468521068444,0.006932222448000382,0.022316205004851025,0.0006304237001707186,19.02303333281452,6.267880439641076,7.400164133333722,2.623622363611656
OT-CFM,1,3,0.0774852153930004,0.004689753456195867,0.09069162358840306,0.006440516821035432,0.8997333331232463,0.4291823897558382,13.433138833333336,3.4557608096824866
OT-CFM,2,3,0.061401238587462464,0.0036320928680779884,0.046208096047242485,0.0018912605792497708,1.6494000001330278,0.9614754650414307,13.433138833333336,3.4557608096824866
OT-CFM,4,3,0.06177726088705981,0.0044882110638517015,0.022158806522687275,0.000562669149704558,2.457866666797296,0.7531391122264054,13.433138833333336,3.4557608096824866
OT-CFM,8,3,0.06401073710617776,0.004732372660531721,0.010128407118221125,0.00020712195395848176,4.92113333348243,2.4959881297900868,13.433138833333336,3.4557608096824866
OT-CFM,16,3,0.06537299350302674,0.004896010975576475,0.004904957798620065,9.01699329436659e-05,10.801766666797144,5.842885113724266,13.433138833333336,3.4557608096824866
OT-CFM,32,3,0.06610194758337533,0.004987823819758345,0.0024203971649209657,4.3905023790596135e-05,17.93736666665306,8.825869445461151,13.433138833333336,3.4557608096824866
